URL,Product Name
https://www.hermanmiller.com/en_in/products/seating/office-chairs/aeron-chairs/,Aeron Chair
https://www.hermanmiller.com/en_in/products/seating/office-chairs/cosm-chairs/,Cosm Chairs
https://www.hermanmiller.com/en_in/products/seating/office-chairs/embody-chairs/,Embody Chairs
https://www.hermanmiller.com/en_in/products/seating/office-chairs/asari-chair/,Asari Chair
https://www.hermanmiller.com/en_in/products/seating/office-chairs/mirra-2-chairs/,Mirra 2 Chairs
https://www.hermanmiller.com/en_in/products/seating/office-chairs/posh-express-2-chair/,POSH Express 2 Chair
https://www.hermanmiller.com/en_in/products/seating/office-chairs/zeph-chair/,Zeph Chair
https://www.hermanmiller.com/en_in/products/seating/office-chairs/sayl-chairs/,Sayl Chairs
https://www.hermanmiller.com/en_in/products/seating/office-chairs/eames-aluminum-group-chairs/,Eames Aluminum Group Chairs
https://www.hermanmiller.com/en_in/products/seating/office-chairs/verus-chairs/,Verus Chairs
https://www.hermanmiller.com/en_in/products/seating/office-chairs/eames-soft-pad-chairs/,Eames Soft Pad Chairs
https://www.hermanmiller.com/en_in/products/seating/office-chairs/eames-executive-chairs/,Eames Executive Chairs
https://www.hermanmiller.com/en_in/products/seating/office-chairs/eames-task-chair/,Eames Task Chairs
https://www.hermanmiller.com/en_in/products/seating/office-chairs/caper-multipurpose-chair/,Caper Multipurpose Chair
https://www.hermanmiller.com/en_in/products/seating/side-chairs/setu-chair/,Setu Chair
https://www.hermanmiller.com/en_in/products/seating/office-chairs/bumper-chair/,Bumper Chair
https://www.hermanmiller.com/en_in/products/seating/office-chairs/saiba-chair/,Saiba Chair
https://www.hermanmiller.com/en_in/products/seating/office-chairs/taper-chair/,Taper Chair
https://www.hermanmiller.com/en_in/products/seating/office-chairs/always-chair/,Always Chair
https://www.hermanmiller.com/en_in/products/seating/office-chairs/polly-chair/,Polly Chair
https://www.hermanmiller.com/en_in/products/seating/office-chairs/ruby-chair/,Ruby Chair
https://www.hermanmiller.com/en_in/products/seating/office-chairs/viv-chair/,Viv Chair
https://www.hermanmiller.com/en_in/products/seating/side-chairs/setu-chair/,Setu Chair
https://www.hermanmiller.com/en_in/products/seating/side-chairs/nelson-swag-leg-armchair/,Nelson Swag Leg Armchair
https://www.hermanmiller.com/en_in/products/seating/side-chairs/verus-plus-chairs/,Verus Plus Chairs
https://www.hermanmiller.com/en_in/products/seating/side-chairs/sayl-side-chairs/,Sayl Side Chairs
https://www.hermanmiller.com/en_in/products/seating/side-chairs/eames-molded-fiberglass-chairs/,Eames Molded Fiberglass Chairs
https://www.hermanmiller.com/en_in/products/seating/side-chairs/eames-molded-plastic-chairs/,Eames Molded Plastic Chairs
https://www.hermanmiller.com/en_in/products/seating/side-chairs/eames-molded-wood-chairs/,Eames Molded Wood Chairs
https://www.hermanmiller.com/en_in/products/seating/side-chairs/eames-wire-chairs/,Eames Wire Chairs
https://www.hermanmiller.com/en_in/products/seating/side-chairs/eames-molded-plywood-chairs/,Eames Molded Plywood Chairs
https://www.hermanmiller.com/en_in/products/seating/side-chairs/comma-chair/,Comma Chair
https://www.hermanmiller.com/en_in/products/seating/side-chairs/betwixt-chairs/,Betwixt Chairs
https://www.hermanmiller.com/en_in/products/seating/stacking-chairs/caper-stacking-chair/,Caper Stacking Chair
https://www.hermanmiller.com/en_in/products/seating/office-chairs/eames-aluminum-group-chairs/,Eames Aluminum Group Chairs
https://www.hermanmiller.com/en_in/products/seating/office-chairs/eames-soft-pad-chairs/,Eames Soft Pad Chairs
https://www.hermanmiller.com/en_in/products/seating/stacking-chairs/portrait-chair/,Portrait Chair
https://www.hermanmiller.com/en_in/products/seating/lounge-seating/swoop-lounge-furniture/,Swoop Lounge Furniture
https://www.hermanmiller.com/en_in/products/seating/side-chairs/bumper-side-chair/,Bumper Side Chair
https://www.hermanmiller.com/en_in/products/seating/side-chairs/crosshatch-side-chair/,Crosshatch Side Chair
https://www.hermanmiller.com/en_in/products/seating/side-chairs/envelope-chair/,Envelope Chair
https://www.hermanmiller.com/en_in/products/seating/side-chairs/full-twist-guest-chair/,Full Twist Guest Chair
https://www.hermanmiller.com/en_in/products/seating/side-chairs/landmark-chair/,Landmark Chair
https://www.hermanmiller.com/en_in/products/seating/side-chairs/leeway-chair/,Leeway Chair
https://www.hermanmiller.com/en_in/products/seating/side-chairs/saiba-side-chair/,Saiba Side Chair
https://www.hermanmiller.com/en_in/products/seating/side-chairs/always-side-chair/,Always Lounge Chair
https://www.hermanmiller.com/en_in/products/seating/side-chairs/polly-side-chair/,Polly Side Chair
https://www.hermanmiller.com/en_in/products/seating/side-chairs/polly-wood-chair/,Polly Wood Chair
https://www.hermanmiller.com/en_in/products/seating/side-chairs/ruby-side-chair/,Ruby Side Chair
https://www.hermanmiller.com/en_in/products/seating/side-chairs/ruby-wood-chair/,Ruby Wood Chair
https://www.hermanmiller.com/en_in/products/seating/side-chairs/viv-side-chair/,Viv Side Chair
https://www.hermanmiller.com/en_in/products/seating/side-chairs/viv-wood-chair/,Viv Wood Chair
https://www.hermanmiller.com/en_in/products/seating/stacking-chairs/bounce-chair/,Bounce Chair
https://www.hermanmiller.com/en_in/products/seating/stacking-chairs/caper-stacking-chair/,Caper Stacking Chair
https://www.hermanmiller.com/en_in/products/seating/stacking-chairs/pronta-stacking-chair/,Pronta Stacking Chair
https://www.hermanmiller.com/en_in/products/seating/stacking-chairs/portrait-chair/,Portrait Chair
https://www.hermanmiller.com/en_in/products/seating/side-chairs/eames-molded-fiberglass-chairs/,Eames Molded Fiberglass Chairs
https://www.hermanmiller.com/en_in/products/seating/side-chairs/eames-molded-plastic-chairs/,Eames Molded Plastic Chairs
https://www.hermanmiller.com/en_in/products/seating/side-chairs/sayl-side-chairs/,Sayl Side Chairs
https://www.hermanmiller.com/en_in/products/seating/stacking-chairs/bounce-chair/,Bounce Chair
https://www.hermanmiller.com/en_in/products/seating/side-chairs/polly-side-chair/,Polly Side Chair
https://www.hermanmiller.com/en_in/products/seating/side-chairs/viv-side-chair/,Viv Side Chair
https://www.hermanmiller.com/en_in/products/seating/nesting-chairs/fuld-nesting-chair/,Fuld Nesting Chair
https://www.hermanmiller.com/en_in/products/seating/stools/aeron-stool/,Aeron Stool
https://www.hermanmiller.com/en_in/products/seating/stools/cosm-stool/,Cosm Stool
https://www.hermanmiller.com/en_in/products/seating/stools/mirra-2-stool/,Mirra 2 Stool
https://www.hermanmiller.com/en_in/products/seating/stools/sayl-stool/,Sayl Stool
https://www.hermanmiller.com/en_in/products/seating/stools/zeph-stool/,Zeph Stool
https://www.hermanmiller.com/en_in/products/seating/stools/setu-stool/,Setu Stool
https://www.hermanmiller.com/en_in/products/seating/stools/comma-stool/,Comma Stool
https://www.hermanmiller.com/en_in/products/seating/stools/betwixt-stools/,Betwixt Stools
https://www.hermanmiller.com/en_in/products/seating/stools/caper-multipurpose-stool/,Caper Multipurpose Stool
https://www.hermanmiller.com/en_in/products/seating/stools/eames-molded-fiberglass-stool/,Eames Molded Fiberglass Stool
https://www.hermanmiller.com/en_in/products/seating/stools/eames-molded-plastic-stool/,Eames Molded Plastic Stool
https://www.hermanmiller.com/en_in/products/seating/stools/eames-molded-wood-stool/,Eames Molded Wood Stool
https://www.hermanmiller.com/en_in/products/seating/stools/eames-wire-stool/,Eames Wire Stool
https://www.hermanmiller.com/en_in/products/seating/stools/spot-stools/,Spot Stools
https://www.hermanmiller.com/en_in/products/seating/stools/nelson-pedestal-stool/,Nelson Pedestal Stool
https://www.hermanmiller.com/en_in/products/seating/stools/eames-turned-stool/,Eames Turned Stool
https://www.hermanmiller.com/en_in/products/seating/stools/crosshatch-stool/,Crosshatch Stool
https://www.hermanmiller.com/en_in/products/seating/stools/leeway-stool/,Leeway Stool
https://www.hermanmiller.com/en_in/products/seating/stools/construct-stool/,Construct Stool
https://www.hermanmiller.com/en_in/products/seating/stools/penny-stool/,Penny Stool
https://www.hermanmiller.com/en_in/products/seating/stools/pinch-stool/,Pinch Stool
https://www.hermanmiller.com/en_in/products/seating/stools/polly-stool/,Polly Stool
https://www.hermanmiller.com/en_in/products/seating/stools/polly-wood-stool/,Polly Wood Stool
https://www.hermanmiller.com/en_in/products/seating/stools/ruby-stool/,Ruby Stool
https://www.hermanmiller.com/en_in/products/seating/stools/ruby-wood-stool/,Ruby Wood Stool
https://www.hermanmiller.com/en_in/products/seating/stools/viv-stool/,Viv Stool
https://www.hermanmiller.com/en_in/products/seating/stools/viv-wood-stool/,Viv Wood Stool
https://www.hermanmiller.com/en_in/products/seating/lounge-seating/lasso-lounge-furniture/,Lasso Lounge Furniture
https://www.hermanmiller.com/en_in/products/seating/lounge-seating/wilkes-modular-sofa-group/,Wilkes Modular Sofa Group
https://www.hermanmiller.com/en_in/products/seating/office-chairs/eames-aluminum-group-chairs/,Eames Aluminum Group Chairs
https://www.hermanmiller.com/en_in/products/seating/side-chairs/eames-molded-plastic-chairs/,Eames Molded Plastic Chairs
https://www.hermanmiller.com/en_in/products/seating/side-chairs/eames-molded-plywood-chairs/,Eames Molded Plywood Chairs
https://www.hermanmiller.com/en_in/products/seating/office-chairs/eames-soft-pad-chairs/,Eames Soft Pad Chairs
https://www.hermanmiller.com/en_in/products/seating/lounge-seating/plex-lounge-furniture/,Plex Lounge Furniture
https://www.hermanmiller.com/en_in/products/seating/lounge-seating/swoop-lounge-furniture/,Swoop Lounge Furniture
https://www.hermanmiller.com/en_in/products/seating/lounge-seating/sabha-collaborative-seating/,Sabha Collaborative Seating
https://www.hermanmiller.com/en_in/products/seating/lounge-seating/chadwick-modular-seating/,Chadwick Modular Seating
https://www.hermanmiller.com/en_in/products/seating/lounge-seating/striad-lounge-chair-and-ottoman/,Striad Lounge Chair and Ottoman
https://www.hermanmiller.com/en_in/products/seating/lounge-seating/striad-sofas/,Striad Sofas
https://www.hermanmiller.com/en_in/products/seating/lounge-seating/eames-lounge-chair-and-ottoman/,Eames Lounge Chair and Ottoman
https://www.hermanmiller.com/en_in/products/seating/lounge-seating/eames-sofa/,Eames Sofa
https://www.hermanmiller.com/en_in/products/seating/lounge-seating/eames-sofa-compact/,Eames Sofa Compact
https://www.hermanmiller.com/en_in/products/seating/lounge-seating/girard-color-wheel-ottoman/,Girard Color Wheel Ottoman
https://www.hermanmiller.com/en_in/products/seating/lounge-seating/colourform-sofa-group/,ColourForm Sofa Group
https://www.hermanmiller.com/en_in/products/seating/lounge-seating/lispenard-sofa-group/,Lispenard Sofa Group
https://www.hermanmiller.com/en_in/products/seating/lounge-seating/luva-modular-sofa-group/,Luva Modular Sofa Group
https://www.hermanmiller.com/en_in/products/seating/lounge-seating/nelson-cube-armchair/,Nelson Cube Armchair
https://www.hermanmiller.com/en_in/products/seating/lounge-seating/nelson-coconut-lounge-chair/,Nelson Coconut Lounge Chair
https://www.hermanmiller.com/en_in/products/seating/lounge-seating/nelson-cube-sofa/,Nelson Cube Sofa
https://www.hermanmiller.com/en_in/products/seating/lounge-seating/nelson-marshmallow-sofa/,Nelson Marshmallow Sofa
https://www.hermanmiller.com/en_in/products/seating/lounge-seating/nelson-daybed/,Nelson Daybed
https://www.hermanmiller.com/en_in/products/seating/lounge-seating/eames-tandem-sling-seating/,Eames Tandem Sling Seating
https://www.hermanmiller.com/en_in/products/seating/lounge-seating/wireframe-sofa-group/,Wireframe Sofa Group
https://www.hermanmiller.com/en_in/products/seating/lounge-seating/bolster-sofa-group/,Bolster Sofa Group
https://www.hermanmiller.com/en_in/products/seating/lounge-seating/bevel-sofa-group/,Bevel Sofa Group
https://www.hermanmiller.com/en_in/products/workspaces/workstations/public-office-landscape/,Public Office Landscape
https://www.hermanmiller.com/en_in/products/seating/lounge-seating/u-series-lounge-seating/,U-Series Lounge Seating
https://www.hermanmiller.com/en_in/products/seating/lounge-seating/brabo-lounge-seating/,Brabo Lounge Seating
https://www.hermanmiller.com/en_in/products/seating/lounge-seating/bumper-lounge-chair/,Bumper Lounge Chair
https://www.hermanmiller.com/en_in/products/seating/lounge-seating/crosshatch-settee/,Crosshatch Settee
https://www.hermanmiller.com/en_in/products/seating/lounge-seating/crosshatch-chair-and-ottoman/,Crosshatch Chair and Ottoman
https://www.hermanmiller.com/en_in/products/seating/lounge-seating/mantle-bench/,Mantle Bench
https://www.hermanmiller.com/en_in/products/seating/lounge-seating/mantle-club-chair/,Mantle Club Chair
https://www.hermanmiller.com/en_in/products/seating/lounge-seating/mantle-ottoman/,Mantle Ottoman
https://www.hermanmiller.com/en_in/products/seating/lounge-seating/mantle-sofas/,Mantle Sofas
https://www.hermanmiller.com/en_in/products/seating/lounge-seating/nessel-chair/,Nessel Chair
https://www.hermanmiller.com/en_in/products/seating/lounge-seating/rapport-sofa/,Rapport Sofa
https://www.hermanmiller.com/en_in/products/seating/lounge-seating/reframe-lounge-seating/,Reframe Lounge Seating
https://www.hermanmiller.com/en_in/products/seating/lounge-seating/rolled-arm-sofa-group/,Rolled Arm Sofa Group
https://www.hermanmiller.com/en_in/products/seating/lounge-seating/saiba-lounge-chair-and-ottoman/,Saiba Lounge Chair and Ottoman
https://www.hermanmiller.com/en_in/products/seating/lounge-seating/scissor-chair/,Scissor Chair
https://www.hermanmiller.com/en_in/products/seating/lounge-seating/sled-chair/,Sled Chair
https://www.hermanmiller.com/en_in/products/seating/lounge-seating/tuxedo-classic/,Tuxedo Classic
https://www.hermanmiller.com/en_in/products/seating/lounge-seating/tuxedo-lounge-seating/,Tuxedo Lounge Seating
https://www.hermanmiller.com/en_in/products/seating/lounge-seating/tuxedo-sofas/,Tuxedo Sofas
https://www.hermanmiller.com/en_in/products/seating/lounge-seating/always-lounge-chair/,Always Lounge Chair
https://www.hermanmiller.com/en_in/products/seating/lounge-seating/ever-lounge-chair/,Ever Lounge Chair
https://www.hermanmiller.com/en_in/products/seating/lounge-seating/ever-sofa/,Ever Sofa
https://www.hermanmiller.com/en_in/products/seating/lounge-seating/fiji-chair/,Fiji Chair
https://www.hermanmiller.com/en_in/products/seating/lounge-seating/hatch-lounge-chair/,Hatch Lounge Chair
https://www.hermanmiller.com/en_in/products/seating/lounge-seating/hatch-modular-seating/,Hatch Modular Seating
https://www.hermanmiller.com/en_in/products/seating/lounge-seating/hatch-sofa/,Hatch Sofa
https://www.hermanmiller.com/en_in/products/seating/lounge-seating/hue-lounge-furniture/,Hue Lounge Furniture
https://www.hermanmiller.com/en_in/products/seating/lounge-seating/hush-chair/,Hush Chair
https://www.hermanmiller.com/en_in/products/seating/lounge-seating/hush-sofa/,Hush Sofa
https://www.hermanmiller.com/en_in/products/seating/lounge-seating/lasso-lounge-furniture/,Lasso Lounge Furniture
https://www.hermanmiller.com/en_in/products/seating/lounge-seating/pullman-booth/,Pullman Booth
https://www.hermanmiller.com/en_in/products/seating/lounge-seating/pullman-chair/,Pullman Chair
https://www.hermanmiller.com/en_in/products/seating/lounge-seating/pullman-chair-pod/,Pullman Chair Pod
https://www.hermanmiller.com/en_in/products/seating/lounge-seating/pullman-sofa/,Pullman Sofa
https://www.hermanmiller.com/en_in/products/seating/lounge-seating/rhyme-modular-seating/,Rhyme Modular Seating
https://www.hermanmiller.com/en_in/products/seating/lounge-seating/symbol-modular-seating/,Symbol Modular Seating
https://www.hermanmiller.com/en_in/products/seating/benches/nelson-platform-bench/,Nelson Platform Bench
https://www.hermanmiller.com/en_in/products/seating/benches/nelson-cane-bench/,Nelson Cane Bench
https://www.hermanmiller.com/en_in/products/seating/benches/betwixt-bench/,Betwixt Bench
https://www.hermanmiller.com/en_in/products/seating/benches/tuxedo-benches/,Tuxedo Benches
https://www.hermanmiller.com/en_in/products/seating/lounge-seating/mantle-bench/,Mantle Bench
https://www.hermanmiller.com/en_in/products/seating/lounge-seating/mantle-sofas/,Mantle Sofas
https://www.hermanmiller.com/en_in/products/seating/benches/hatch-bench/,Hatch Bench
https://www.hermanmiller.com/en_in/products/seating/lounge-seating/symbol-modular-seating/,Symbol Modular Seating
https://www.hermanmiller.com/en_in/products/seating/benches/symbol-bench/,Symbol Bench
https://www.hermanmiller.com/en_in/products/seating/outdoor-seating/eames-aluminum-group-chairs-outdoor/,Eames Aluminum Group Chairs Outdoor
https://www.hermanmiller.com/en_in/products/seating/outdoor-seating/eames-wire-chairs-outdoor/,Eames Wire Chairs Outdoor
https://www.hermanmiller.com/en_in/products/seating/outdoor-seating/eames-wire-stool-outdoor/,Eames Wire Stool Outdoor
